<wpml-config>
	<admin-texts>
		<key name="socialsnap_settings">
			<key name="ss_social_share_networks">
				<key name="facebook">
					<key name="text" />		
				</key>
				<key name="twitter">
					<key name="text" />		
				</key>
				<key name="linkedin">
					<key name="text" />		
				</key>
				<key name="mix">
					<key name="text" />		
				</key>
				<key name="pinterest">
					<key name="text" />		
				</key>
				<key name="tumblr">
					<key name="text" />		
				</key>
				<key name="skype">
					<key name="text" />		
				</key>
				<key name="buffer">
					<key name="text" />		
				</key>
				<key name="pocket">
					<key name="text" />		
				</key>
				<key name="vkontakte">
					<key name="text" />		
				</key>
				<key name="xing">
					<key name="text" />		
				</key>
				<key name="reddit">
					<key name="text" />		
				</key>
				<key name="flipboard">
					<key name="text" />		
				</key>
				<key name="myspace">
					<key name="text" />		
				</key>
				<key name="delicious">
					<key name="text" />		
				</key>
				<key name="amazon">
					<key name="text" />		
				</key>
				<key name="digg">
					<key name="text" />		
				</key>
				<key name="evernote">
					<key name="text" />		
				</key>
				<key name="blogger">
					<key name="text" />		
				</key>
				<key name="livejournal">
					<key name="text" />		
				</key>
				<key name="baidu">
					<key name="text" />		
				</key>
				<key name="newsvine">
					<key name="text" />		
				</key>
				<key name="yummly">
					<key name="text" />		
				</key>
				<key name="yahoo">
					<key name="text" />		
				</key>
				<key name="whatsapp">
					<key name="text" />		
				</key>
				<key name="viber">
					<key name="text" />		
				</key>
				<key name="sms">
					<key name="text" />		
				</key>
				<key name="telegram">
					<key name="text" />		
				</key>
				<key name="messenger">
					<key name="text" />		
				</key>
				<key name="heart">
					<key name="text" />		
				</key>
				<key name="envelope">
					<key name="text" />		
				</key>
				<key name="print">
					<key name="text" />		
				</key>
				<key name="copy">
					<key name="text" />		
				</key>
			</key>
			<key name="ss_ss_inline_content_share_label" />
			<key name="ss_ss_inline_content_all_networks_label" />
			<key name="ss_social_follow_connect_networks">
				<key name="facebook">
					<key name="label" />		
				</key>
				<key name="twitter">
					<key name="label" />		
				</key>
				<key name="pinterest">
					<key name="label" />		
				</key>
				<key name="instagram">
					<key name="label" />		
				</key>
				<key name="tumblr">
					<key name="label" />		
				</key>
				<key name="mix">
					<key name="label" />		
				</key>
				<key name="subscribers">
					<key name="label" />		
				</key>
				<key name="snapchat">
					<key name="label" />		
				</key>
				<key name="500px">
					<key name="label" />		
				</key>
				<key name="amazon">
					<key name="label" />		
				</key>
				<key name="baidu">
					<key name="label" />		
				</key>
				<key name="behance">
					<key name="label" />		
				</key>
				<key name="blogger">
					<key name="label" />		
				</key>
				<key name="deviantart">
					<key name="label" />		
				</key>
				<key name="digg">
					<key name="label" />		
				</key>
				<key name="discord">
					<key name="label" />		
				</key>
				<key name="dribbble">
					<key name="label" />		
				</key>
				<key name="etsy">
					<key name="label" />		
				</key>
				<key name="flickr">
					<key name="label" />		
				</key>
				<key name="flipboard">
					<key name="label" />		
				</key>
				<key name="foursquare">
					<key name="label" />		
				</key>
				<key name="github">
					<key name="label" />		
				</key>
				<key name="houzz">
					<key name="label" />		
				</key>
				<key name="linkedin">
					<key name="label" />		
				</key>
				<key name="livejournal">
					<key name="label" />		
				</key>
				<key name="medium">
					<key name="label" />		
				</key>
				<key name="myspace">
					<key name="label" />		
				</key>
				<key name="newsvine">
					<key name="label" />		
				</key>
				<key name="patreon">
					<key name="label" />		
				</key>
				<key name="pocket">
					<key name="label" />		
				</key>
				<key name="reddit">
					<key name="label" />		
				</key>
				<key name="rss">
					<key name="label" />		
				</key>
				<key name="soundcloud">
					<key name="label" />		
				</key>
				<key name="spotify">
					<key name="label" />		
				</key>
				<key name="twitch">
					<key name="label" />		
				</key>
				<key name="vimeo">
					<key name="label" />		
				</key>
				<key name="vkontakte">
					<key name="label" />		
				</key>
				<key name="youtube">
					<key name="label" />		
				</key>
				<key name="yummly">
					<key name="label" />		
				</key>
			</key>
		</key>
	</admin-texts>
</wpml-config>